dataset;method;cls;nr_events;metric;score
bpic2015_1_f2;all_agg;XGB;1;-1;auc;0.6498397435897436
bpic2015_1_f2;all_agg;XGB;2;-1;auc;0.6814903846153846
bpic2015_1_f2;all_agg;XGB;3;-1;auc;0.6857638888888888
bpic2015_1_f2;all_agg;XGB;4;-1;auc;0.6611990950226244
bpic2015_1_f2;all_agg;XGB;5;-1;auc;0.6496040723981901
bpic2015_1_f2;all_agg;XGB;6;-1;auc;0.675339366515837
bpic2015_1_f2;all_agg;XGB;7;-1;auc;0.6179298642533937
bpic2015_1_f2;all_agg;XGB;8;-1;auc;0.6114253393665159
bpic2015_1_f2;all_agg;XGB;9;-1;auc;0.6088800904977375
bpic2015_1_f2;all_agg;XGB;10;-1;auc;0.6153626499143348
bpic2015_1_f2;all_agg;XGB;11;-1;auc;0.6257208765859285
bpic2015_1_f2;all_agg;XGB;12;-1;auc;0.7294117647058824
bpic2015_1_f2;all_agg;XGB;13;-1;auc;0.7632204396910279
bpic2015_1_f2;all_agg;XGB;14;-1;auc;0.8182102628285357
bpic2015_1_f2;all_agg;XGB;15;-1;auc;0.8775575447570332
bpic2015_1_f2;all_agg;XGB;16;-1;auc;0.9484486102133161
bpic2015_1_f2;all_agg;XGB;17;-1;auc;0.9573367808661926
bpic2015_1_f2;all_agg;XGB;18;-1;auc;0.9616655651024454
bpic2015_1_f2;all_agg;XGB;19;-1;auc;0.9625668449197861
bpic2015_1_f2;all_agg;XGB;20;-1;auc;0.9695228143504006
bpic2015_1_f2;all_agg;XGB;21;-1;auc;0.9691745036572623
bpic2015_1_f2;all_agg;XGB;22;-1;auc;0.9695228143504007
bpic2015_1_f2;all_agg;XGB;23;-1;auc;0.9695228143504006
bpic2015_1_f2;all_agg;XGB;24;-1;auc;0.9695228143504006
bpic2015_1_f2;all_agg;XGB;25;-1;auc;0.9691745036572622
bpic2015_1_f2;all_agg;XGB;26;-1;auc;0.969658430232558
bpic2015_1_f2;all_agg;XGB;27;-1;auc;0.968936011904762
bpic2015_1_f2;all_agg;XGB;28;-1;auc;0.9685617469879518
bpic2015_1_f2;all_agg;XGB;29;-1;auc;0.9689382530120482
bpic2015_1_f2;all_agg;XGB;30;-1;auc;0.9698795180722892
bpic2015_1_f2;all_agg;XGB;31;-1;auc;0.975609756097561
bpic2015_1_f2;all_agg;XGB;32;-1;auc;0.98125
bpic2015_1_f2;all_agg;XGB;33;-1;auc;0.9935064935064934
bpic2015_1_f2;all_agg;XGB;34;-1;auc;0.9935064935064934
bpic2015_1_f2;all_agg;XGB;35;-1;auc;1.0
bpic2015_1_f2;all_agg;XGB;36;-1;auc;1.0
bpic2015_1_f2;all_agg;XGB;37;-1;auc;1.0
bpic2015_1_f2;all_agg;XGB;38;-1;auc;0.9933333333333334
bpic2015_1_f2;all_agg;XGB;39;-1;auc;0.9933333333333334
bpic2015_1_f2;all_agg;XGB;40;-1;auc;0.9866666666666666
bpic2015_1_f2;all_agg;XGB;-1;auc;0.9177947947915344
